1	10.133.19.67	151.101.150.251		
2	151.101.150.251	10.133.19.67		
3	35.186.224.25	10.133.19.67		
4	151.101.150.251	10.133.19.67		
5	10.133.19.67	151.101.150.251		
6	10.133.19.67	172.217.0.170		
7	10.133.19.67	151.101.150.251		
8	172.217.0.170	10.133.19.67		
9	151.101.150.251	10.133.19.67		
10	151.101.150.251	10.133.19.67		
11	10.133.19.67	151.101.150.251		
12	10.133.19.67	151.101.150.251		
13	151.101.150.251	10.133.19.67		
14	151.101.150.251	10.133.19.67		
15	151.101.150.251	10.133.19.67		
16	10.133.19.67	151.101.150.251		
17	10.133.19.67	151.101.150.251		
18	151.101.150.251	10.133.19.67		
19	151.101.150.251	10.133.19.67		
20	10.133.19.67	151.101.150.251		
21	151.101.150.251	10.133.19.67		
22	10.133.19.67	151.101.150.251		
23	151.101.150.251	10.133.19.67		
24	151.101.150.251	10.133.19.67		
25	151.101.150.251	10.133.19.67		
26	151.101.150.251	10.133.19.67		
27	10.133.19.67	151.101.150.251		
28	10.133.19.67	137.22.1.7		
29	10.133.19.67	137.22.1.7		
30	10.133.19.67	35.186.224.25		
31	137.22.1.7	10.133.19.67		
32	137.22.1.7	10.133.19.67		
33	10.133.19.67	142.250.190.46		
34	10.133.19.67	151.101.150.251		
35	35.186.224.25	10.133.19.67		
36	142.250.190.46	10.133.19.67		
37	10.133.19.67	142.250.190.46		
38	10.133.19.67	142.250.190.46		
39	151.101.150.251	10.133.19.67		
40	151.101.150.251	10.133.19.67		
41	10.133.19.67	151.101.150.251		
42	10.133.19.67	151.101.150.251		
43	142.250.190.46	10.133.19.67		
44	35.186.224.25	10.133.19.67		
45	10.133.19.67	35.186.224.25		
46	35.186.224.25	10.133.19.67		
47	10.133.19.67	35.186.224.25		
48	35.186.224.25	10.133.19.67		
49	35.186.224.25	10.133.19.67		
50	10.133.19.67	35.186.224.25		
51	10.133.19.67	35.186.224.25		
52	151.101.150.251	10.133.19.67		
53	151.101.150.251	10.133.19.67		
54	151.101.150.251	10.133.19.67		
55	10.133.19.67	151.101.150.251		
56	142.250.190.46	10.133.19.67		
57	10.133.19.67	142.250.190.46		
58	142.250.190.46	10.133.19.67		
59	10.133.19.67	142.250.190.46		
60	142.250.190.46	10.133.19.67		
61	10.133.19.67	142.250.190.46		
62	142.250.190.46	10.133.19.67		
63	10.133.19.67	142.250.190.46		
64	10.133.19.67	142.250.190.46		
65	10.133.19.67	172.217.4.206		
66	10.133.19.67	142.250.190.46		
67	10.133.19.67	142.250.190.46		
68	10.133.19.67	151.101.150.251		
69	10.133.19.67	142.250.190.46		
70	35.186.224.25	10.133.19.67		
71	151.101.150.251	10.133.19.67		
72	142.250.190.46	10.133.19.67		
73	142.250.190.46	10.133.19.67		
74	10.133.19.67	142.250.190.46		
75	10.133.19.67	142.250.190.46		
76	10.133.19.67	151.101.150.251		
77	10.133.19.67	142.250.190.46		
78	142.250.190.46	10.133.19.67		
79	10.133.19.67	142.250.190.46		
80	142.250.190.46	10.133.19.67		
81	10.133.19.67	142.250.190.46		
82	142.250.190.46	10.133.19.67		
83	142.250.190.46	10.133.19.67		
84	10.133.19.67	142.250.190.46		
85	10.133.19.67	142.250.190.46		
86	142.250.190.46	10.133.19.67		
87	10.133.19.67	142.250.190.46		
88	172.217.4.206	10.133.19.67		
89	142.250.190.46	10.133.19.67		
90	142.250.190.46	10.133.19.67		
91	10.133.19.67	142.250.190.46		
92	10.133.19.67	142.250.190.46		
93	142.250.190.46	10.133.19.67		
94	142.250.190.46	10.133.19.67		
95	10.133.19.67	142.250.190.46		
96	10.133.19.67	142.250.190.46		
97	142.250.190.46	10.133.19.67		
98	142.250.190.46	10.133.19.67		
99	142.250.190.46	10.133.19.67		
100	142.250.190.46	10.133.19.67		
101	10.133.19.67	142.250.190.46		
102	10.133.19.67	142.250.190.46		
103	142.250.190.46	10.133.19.67		
104	10.133.19.67	142.250.190.46		
105	142.250.190.46	10.133.19.67		
106	10.133.19.67	142.250.190.46		
107	142.250.190.46	10.133.19.67		
108	151.101.150.251	10.133.19.67		
109	10.133.19.67	142.250.190.46		
110	10.133.19.67	142.250.190.46		
111	151.101.150.251	10.133.19.67		
112	142.250.190.46	10.133.19.67		
113	142.250.190.46	10.133.19.67		
114	10.133.19.67	151.101.150.251		
115	10.133.19.67	151.101.150.251		
116				
117	151.101.150.251	10.133.19.67		
118	10.133.19.67	151.101.150.251		
119	151.101.150.251	10.133.19.67		
120	151.101.150.251	10.133.19.67		
121	10.133.19.67	172.217.0.170		
122	10.133.19.67	151.101.150.251		
123	151.101.150.251	10.133.19.67		
124	172.217.0.170	10.133.19.67		
125	10.133.19.67	151.101.150.251		
126	151.101.150.251	10.133.19.67		
127	151.101.150.251	10.133.19.67		
128	151.101.150.251	10.133.19.67		
129	10.133.19.67	151.101.150.251		
130	10.133.19.67	151.101.150.251		
131	151.101.150.251	10.133.19.67		
132	151.101.150.251	10.133.19.67		
133	10.133.19.67	151.101.150.251		
134	10.133.19.67	104.19.188.97		
135	10.133.19.67	104.19.188.97		
136	10.133.19.67	151.101.150.251		
137	10.133.19.67	151.101.150.251		
138	151.101.150.251	10.133.19.67		
139	151.101.150.251	10.133.19.67		
140	151.101.150.251	10.133.19.67		
141	151.101.150.251	10.133.19.67		
142	151.101.150.251	10.133.19.67		
143	151.101.150.251	10.133.19.67		
144	151.101.150.251	10.133.19.67		
145	151.101.150.251	10.133.19.67		
146	10.133.19.67	151.101.150.251		
147	10.133.19.67	151.101.150.251		
148	104.19.188.97	10.133.19.67		
149	10.133.19.67	137.22.1.7		
150	10.133.19.67	137.22.1.7		
151	104.19.188.97	10.133.19.67		
152	10.133.19.67	104.19.188.97		
153	104.19.188.97	10.133.19.67		
154	10.133.19.67	104.19.188.97		
155	104.19.188.97	10.133.19.67		
156	104.19.188.97	10.133.19.67		
157	104.19.188.97	10.133.19.67		
158	104.19.188.97	10.133.19.67		
159	104.19.188.97	10.133.19.67		
160	104.19.188.97	10.133.19.67		
161	104.19.188.97	10.133.19.67		
162	104.19.188.97	10.133.19.67		
163	104.19.188.97	10.133.19.67		
164	104.19.188.97	10.133.19.67		
165	137.22.1.7	10.133.19.67		
166	104.19.188.97	10.133.19.67		
167	104.19.188.97	10.133.19.67		
168	104.19.188.97	10.133.19.67		
169	104.19.188.97	10.133.19.67		
170	104.19.188.97	10.133.19.67		
171	10.133.19.67	104.19.188.97		
172	10.133.19.67	104.19.188.97		
173	10.133.19.67	104.19.188.97		
174	10.133.19.67	104.19.188.97		
175	137.22.1.7	10.133.19.67		
176	10.133.19.67	35.186.224.25		
177	151.101.150.251	10.133.19.67		
178	10.133.19.67	151.101.150.251		
179	35.186.224.25	10.133.19.67		
180	10.133.19.67	151.101.150.251		
181	151.101.150.251	10.133.19.67		
182	10.133.19.67	151.101.150.251		
183	151.101.150.251	10.133.19.67		
184	151.101.150.251	10.133.19.67		
185	151.101.150.251	10.133.19.67		
186	35.186.224.25	10.133.19.67		
187	10.133.19.67	35.186.224.25		
188	35.186.224.25	10.133.19.67		
189	10.133.19.67	35.186.224.25		
190	10.133.19.67	151.101.150.251		
191	35.186.224.25	10.133.19.67		
192	35.186.224.25	10.133.19.67		
193	10.133.19.67	35.186.224.25		
194	10.133.19.67	35.186.224.25		
195	35.186.224.25	10.133.19.67		
196	10.133.19.67	151.101.150.251		
197	151.101.150.251	10.133.19.67		
198	151.101.150.251	10.133.19.67		
199	10.133.19.67	151.101.150.251		
200	151.101.150.251	10.133.19.67		
201				
202	10.133.19.67	151.101.150.251		
203	10.133.19.67	35.186.224.25		
204	151.101.150.251	10.133.19.67		
205	151.101.150.251	10.133.19.67		
206	151.101.150.251	10.133.19.67		
207	151.101.150.251	10.133.19.67		
208	151.101.150.251	10.133.19.67		
209	10.133.19.67	151.101.150.251		
210	35.186.224.25	10.133.19.67		
211	10.133.19.67	151.101.150.251		
212	10.133.19.67	151.101.150.251		
213	10.133.19.67	137.22.1.7		
214	10.133.19.67	137.22.1.7		
215	151.101.150.251	10.133.19.67		
216	151.101.150.251	10.133.19.67		
217	151.101.150.251	10.133.19.67		
218	151.101.150.251	10.133.19.67		
219	151.101.150.251	10.133.19.67		
220	151.101.150.251	10.133.19.67		
221	151.101.150.251	10.133.19.67		
222	151.101.150.251	10.133.19.67		
223	151.101.150.251	10.133.19.67		
224	151.101.150.251	10.133.19.67		
225	10.133.19.67	151.101.150.251		
226	35.186.224.25	10.133.19.67		
227	10.133.19.67	35.186.224.25		
228	10.133.19.67	151.101.150.251		
229	137.22.1.7	10.133.19.67		
230	151.101.150.251	10.133.19.67		
231	151.101.150.251	10.133.19.67		
232	137.22.1.7	10.133.19.67		
233	10.133.19.67	172.217.4.206		
234	10.133.19.67	104.80.92.194		
235	10.133.19.67	151.101.150.251		
236	151.101.150.251	10.133.19.67		
237	104.80.92.194	10.133.19.67		
238	10.133.19.67	104.80.92.194		
239	10.133.19.67	104.80.92.194		
240	10.133.19.67	151.101.150.251		
241	104.80.92.194	10.133.19.67		
242	104.80.92.194	10.133.19.67		
243	10.133.19.67	104.80.92.194		
244	104.80.92.194	10.133.19.67		
245	10.133.19.67	104.80.92.194		
246	104.80.92.194	10.133.19.67		
247	10.133.19.67	104.80.92.194		
248	104.80.92.194	10.133.19.67		
249	10.133.19.67	104.80.92.194		
250	151.101.150.251	10.133.19.67		
251	151.101.150.251	10.133.19.67		
252	151.101.150.251	10.133.19.67		
253	151.101.150.251	10.133.19.67		
254	151.101.150.251	10.133.19.67		
255	151.101.150.251	10.133.19.67		
256	172.217.4.206	10.133.19.67		
257	10.133.19.67	151.101.150.251		
258	10.133.19.67	151.101.150.251		
259	104.80.92.194	10.133.19.67		
260	10.133.19.67	104.80.92.194		
261	35.186.224.25	10.133.19.67		
262	10.133.19.67	104.80.92.194		
263	10.133.19.67	104.80.92.194		
264	10.133.19.67	104.80.92.194		
265	104.80.92.194	10.133.19.67		
266	104.80.92.194	10.133.19.67		
267	104.80.92.194	10.133.19.67		
268	104.80.92.194	10.133.19.67		
269	10.133.19.67	104.80.92.194		
270	104.80.92.194	10.133.19.67		
271	104.80.92.194	10.133.19.67		
272	104.80.92.194	10.133.19.67		
273	10.133.19.67	104.80.92.194		
274	104.80.92.194	10.133.19.67		
275	104.80.92.194	10.133.19.67		
276	104.80.92.194	10.133.19.67		
277	10.133.19.67	104.80.92.194		
278	10.133.19.67	104.80.92.194		
279	10.133.19.67	104.80.92.194		
280	10.133.19.67	151.101.150.251		
281	104.80.92.194	10.133.19.67		
282	151.101.150.251	10.133.19.67		
283	151.101.150.251	10.133.19.67		
284	151.101.150.251	10.133.19.67		
285	151.101.150.251	10.133.19.67		
286	151.101.150.251	10.133.19.67		
287	10.133.19.67	151.101.150.251		
288	10.133.19.67	151.101.150.251		
289	151.101.150.251	10.133.19.67		
290	10.133.19.67	151.101.150.251		
291	151.101.150.251	10.133.19.67		
292				
293				
294				
295	10.133.19.67	151.101.150.251		
296	151.101.150.251	10.133.19.67		
297	151.101.150.251	10.133.19.67		
298	151.101.150.251	10.133.19.67		
299	151.101.150.251	10.133.19.67		
300	10.133.19.67	151.101.150.251		
301	151.101.150.251	10.133.19.67		
302	10.133.19.67	151.101.150.251		
303	10.133.19.67	151.101.150.251		
304	10.133.19.67	142.250.190.46		
305	10.133.19.67	142.250.190.46		
306	10.133.19.67	137.22.1.7		
307	10.133.19.67	137.22.1.7		
308	151.101.150.251	10.133.19.67		
309	151.101.150.251	10.133.19.67		
310	10.133.19.67	151.101.150.251		
311	137.22.1.7	10.133.19.67		
312	137.22.1.7	10.133.19.67		
313	10.133.19.67	157.240.26.27		
314	157.240.26.27	10.133.19.67		
315	10.133.19.67	157.240.26.27		
316	10.133.19.67	157.240.26.27		
317	10.133.19.67	151.101.150.251		
318	142.250.190.46	10.133.19.67		
319	142.250.190.46	10.133.19.67		
320	157.240.26.27	10.133.19.67		
321	10.133.19.67	172.217.0.170		
322	10.133.19.67	142.250.190.46		
323	151.101.150.251	10.133.19.67		
324	157.240.26.27	10.133.19.67		
325	10.133.19.67	157.240.26.27		
326	157.240.26.27	10.133.19.67		
327	10.133.19.67	157.240.26.27		
328	151.101.150.251	10.133.19.67		
329	142.250.190.46	10.133.19.67		
330	10.133.19.67	157.240.26.27		
331	142.250.190.46	10.133.19.67		
332	10.133.19.67	142.250.190.46		
333	10.133.19.67	157.240.26.27		
334	142.250.190.46	10.133.19.67		
335	142.250.190.46	10.133.19.67		
336	10.133.19.67	142.250.190.46		
337	142.250.190.46	10.133.19.67		
338	142.250.190.46	10.133.19.67		
339	10.133.19.67	142.250.190.46		
340	10.133.19.67	157.240.26.27		
341	10.133.19.67	142.250.190.46		
342	10.133.19.67	151.101.150.251		
343	157.240.26.27	10.133.19.67		
344	157.240.26.27	10.133.19.67		
345	157.240.26.27	10.133.19.67		
346	10.133.19.67	157.240.26.27		
347	10.133.19.67	157.240.26.27		
348	157.240.26.27	10.133.19.67		
349	157.240.26.27	10.133.19.67		
350	10.133.19.67	157.240.26.27		
351	10.133.19.67	157.240.26.27		
352	157.240.26.27	10.133.19.67		
353	10.133.19.67	157.240.26.27		
354	157.240.26.27	10.133.19.67		
355	157.240.26.27	10.133.19.67		
356	157.240.26.27	10.133.19.67		
357	157.240.26.27	10.133.19.67		
358	157.240.26.27	10.133.19.67		
359	157.240.26.27	10.133.19.67		
360	157.240.26.27	10.133.19.67		
361	157.240.26.27	10.133.19.67		
362	142.250.190.46	10.133.19.67		
363	142.250.190.46	10.133.19.67		
364	157.240.26.27	10.133.19.67		
365	157.240.26.27	10.133.19.67		
366	157.240.26.27	10.133.19.67		
367	157.240.26.27	10.133.19.67		
368	151.101.150.251	10.133.19.67		
369	151.101.150.251	10.133.19.67		
370	151.101.150.251	10.133.19.67		
371	157.240.26.27	10.133.19.67		
372	157.240.26.27	10.133.19.67		
373	157.240.26.27	10.133.19.67		
374	157.240.26.27	10.133.19.67		
375	157.240.26.27	10.133.19.67		
376	157.240.26.27	10.133.19.67		
377	157.240.26.27	10.133.19.67		
378	157.240.26.27	10.133.19.67		
379	10.133.19.67	157.240.26.27		
380	10.133.19.67	157.240.26.27		
381	10.133.19.67	157.240.26.27		
382	10.133.19.67	157.240.26.27		
383	172.217.0.170	10.133.19.67		
384	157.240.26.27	10.133.19.67		
385	10.133.19.67	157.240.26.27		
386	10.133.19.67	157.240.26.27		
387	10.133.19.67	142.250.190.46		
388	10.133.19.67	151.101.150.251		
389	142.250.190.46	10.133.19.67		
390	10.133.19.67	151.101.150.251		
391	142.250.190.46	10.133.19.67		
392	142.250.190.46	10.133.19.67		
393	10.133.19.67	142.250.190.46		
394	151.101.150.251	10.133.19.67		
395	151.101.150.251	10.133.19.67		
396				
397	157.240.26.27	10.133.19.67		
398	10.133.19.67	151.101.150.251		
399	142.250.190.46	10.133.19.67		
400	151.101.150.251	10.133.19.67		
401	151.101.150.251	10.133.19.67		
402	10.133.19.67	151.101.150.251		
403	10.133.19.67	151.101.150.251		
404	151.101.150.251	10.133.19.67		
405	151.101.150.251	10.133.19.67		
406	151.101.150.251	10.133.19.67		
407	151.101.150.251	10.133.19.67		
408	10.133.19.67	151.101.150.251		
409	10.133.19.67	151.101.150.251		
410	10.133.19.67	151.101.150.251		
411	151.101.150.251	10.133.19.67		
412	151.101.150.251	10.133.19.67		
413	10.133.19.67	151.101.150.251		
414	10.133.19.67	151.101.150.251		
415	151.101.150.251	10.133.19.67		
416	151.101.150.251	10.133.19.67		
417	151.101.150.251	10.133.19.67		
418	10.133.19.67	151.101.150.251		
419	151.101.150.251	10.133.19.67		
420	10.133.19.67	151.101.150.251		
421	151.101.150.251	10.133.19.67		
422	151.101.150.251	10.133.19.67		
423	10.133.19.67	151.101.150.251		
424	10.133.19.67	151.101.150.251		
425	151.101.150.251	10.133.19.67		
426	151.101.150.251	10.133.19.67		
427	151.101.150.251	10.133.19.67		
428	10.133.19.67	151.101.150.251		
429	10.133.19.67	151.101.150.251		
430	151.101.150.251	10.133.19.67		
431	151.101.150.251	10.133.19.67		
432	10.133.19.67	151.101.150.251		
433	10.133.19.67	151.101.150.251		
434	151.101.150.251	10.133.19.67		
435	151.101.150.251	10.133.19.67		
436	151.101.150.251	10.133.19.67		
437	151.101.150.251	10.133.19.67		
438	151.101.150.251	10.133.19.67		
439	151.101.150.251	10.133.19.67		
440	151.101.150.251	10.133.19.67		
441	10.133.19.67	151.101.150.251		
442	10.133.19.67	151.101.150.251		
443	10.133.19.67	35.186.224.25		
444	151.101.150.251	10.133.19.67		
445	151.101.150.251	10.133.19.67		
446	10.133.19.67	137.22.1.7		
447	10.133.19.67	137.22.1.7		
448	10.133.19.67	151.101.150.251		
449	35.186.224.25	10.133.19.67		
450	10.133.19.67	137.22.1.7		
451	10.133.19.67	137.22.1.7		
452	137.22.1.7	10.133.19.67		
453	137.22.1.7	10.133.19.67		
454	10.133.19.67	54.230.58.252		
455				
456				
457	10.133.19.67	137.22.1.7		
458	10.133.19.67	137.22.1.7		
459	54.230.58.252	10.133.19.67		
460	10.133.19.67	54.230.58.252		
461	137.22.1.7	10.133.19.67		
462	137.22.1.7	10.133.19.67		
463	151.101.150.251	10.133.19.67		
464	35.186.224.25	10.133.19.67		
465	35.186.224.25	10.133.19.67		
466	10.133.19.67	35.186.224.25		
467	35.186.224.25	10.133.19.67		
468	35.186.224.25	10.133.19.67		
469	10.133.19.67	35.186.224.25		
470	10.133.19.67	54.230.58.252		
471	10.133.19.67	142.251.166.156		
472	54.230.58.252	10.133.19.67		
473	54.230.58.252	10.133.19.67		
474	10.133.19.67	54.230.58.252		
475	54.230.58.252	10.133.19.67		
476	10.133.19.67	54.230.58.252		
477	10.133.19.67	54.230.58.252		
478	54.230.58.252	10.133.19.67		
479	10.133.19.67	54.230.58.252		
480	54.230.58.252	10.133.19.67		
481	10.133.19.67	54.230.58.252		
482	10.133.19.67	54.230.58.252		
483	10.133.19.67	35.186.224.25		
484	54.230.58.252	10.133.19.67		
485	10.133.19.67	54.230.58.252		
486	137.22.1.7	10.133.19.67		
487	137.22.1.7	10.133.19.67		
488	10.133.19.67	151.101.148.157		
489	10.133.19.67	54.230.58.252		
490	10.133.19.67	54.230.58.252		
491	10.133.19.67	54.230.58.252		
492	142.251.166.156	10.133.19.67		
493	10.133.19.67	142.251.166.156		
494	35.186.224.25	10.133.19.67		
495	151.101.148.157	10.133.19.67		
496	10.133.19.67	151.101.148.157		
497	54.230.58.252	10.133.19.67		
498	54.230.58.252	10.133.19.67		
499	54.230.58.252	10.133.19.67		
500	54.230.58.252	10.133.19.67		
501	10.133.19.67	54.230.58.252		
502	54.230.58.252	10.133.19.67		
503	10.133.19.67	54.230.58.252		
504	10.133.19.67	142.251.166.156		
505	10.133.19.67	151.101.148.157		
506	10.133.19.67	54.230.58.252		
507	54.230.58.252	10.133.19.67		
508	151.101.148.157	10.133.19.67		
509	151.101.148.157	10.133.19.67		
510	10.133.19.67	151.101.148.157		
511	151.101.148.157	10.133.19.67		
512	10.133.19.67	151.101.148.157		
513	151.101.148.157	10.133.19.67		
514	10.133.19.67	151.101.148.157		
515	10.133.19.67	151.101.148.157		
516	10.133.19.67	151.101.148.157		
517	10.133.19.67	151.101.148.157		
518	10.133.19.67	151.101.148.157		
519	10.133.19.67	151.101.150.251		
520	142.251.166.156	10.133.19.67		
521	142.251.166.156	10.133.19.67		
522	142.251.166.156	10.133.19.67		
523	142.251.166.156	10.133.19.67		
524	10.133.19.67	142.251.166.156		
525	142.251.166.156	10.133.19.67		
526	151.101.148.157	10.133.19.67		
527	151.101.148.157	10.133.19.67		
528	151.101.148.157	10.133.19.67		
529	151.101.148.157	10.133.19.67		
530	151.101.148.157	10.133.19.67		
531	151.101.148.157	10.133.19.67		
532	151.101.148.157	10.133.19.67		
533	151.101.148.157	10.133.19.67		
534	10.133.19.67	151.101.148.157		
535	10.133.19.67	151.101.148.157		
536	10.133.19.67	142.251.166.156		
537	151.101.148.157	10.133.19.67		
538	151.101.148.157	10.133.19.67		
539	10.133.19.67	151.101.148.157		
540	151.101.148.157	10.133.19.67		
541	151.101.148.157	10.133.19.67		
542	151.101.148.157	10.133.19.67		
543	151.101.148.157	10.133.19.67		
544	10.133.19.67	151.101.148.157		
545	151.101.148.157	10.133.19.67		
546	151.101.148.157	10.133.19.67		
547	10.133.19.67	151.101.148.157		
548	151.101.148.157	10.133.19.67		
549	10.133.19.67	151.101.148.157		
550	151.101.148.157	10.133.19.67		
551	10.133.19.67	151.101.148.157		
552	151.101.150.251	10.133.19.67		
553	54.230.58.252	10.133.19.67		
554	10.133.19.67	54.230.58.252		
555	54.230.58.252	10.133.19.67		
556	54.230.58.252	10.133.19.67		
557	54.230.58.252	10.133.19.67		
558	54.230.58.252	10.133.19.67		
559	54.230.58.252	10.133.19.67		
560	54.230.58.252	10.133.19.67		
561	54.230.58.252	10.133.19.67		
562	54.230.58.252	10.133.19.67		
563	10.133.19.67	54.230.58.252		
564	10.133.19.67	54.230.58.252		
565	10.133.19.67	54.230.58.252		
566	54.230.58.252	10.133.19.67		
567	54.230.58.252	10.133.19.67		
568	10.133.19.67	54.230.58.252		
569	10.133.19.67	142.251.166.156		
570	10.133.19.67	151.101.148.157		
571	10.133.19.67	54.230.58.252		
572	10.133.19.67	151.101.148.157		
573	10.133.19.67	142.251.166.156		
574	10.133.19.67	151.101.150.251		
575	10.133.19.67	142.251.166.156		
576	10.133.19.67	142.251.166.156		
577	151.101.148.157	10.133.19.67		
578	10.133.19.67	151.101.150.251		
579	151.101.150.251	10.133.19.67		
580	151.101.150.251	10.133.19.67		
581	151.101.150.251	10.133.19.67		
582	142.251.166.156	10.133.19.67		
583	10.133.19.67	142.251.166.156		
584	142.251.166.156	10.133.19.67		
585	10.133.19.67	142.251.166.156		
586	10.133.19.67	142.251.166.156		
587	10.133.19.67	151.101.150.251		
588	142.251.166.156	10.133.19.67		
589	142.251.166.156	10.133.19.67		
590	142.251.166.156	10.133.19.67		
591	10.133.19.67	142.251.166.156		
592	142.251.166.156	10.133.19.67		
593	142.251.166.156	10.133.19.67		
594	10.133.19.67	142.251.166.156		
595	10.133.19.67	142.251.166.156		
596	10.133.19.67	151.101.150.251		
597	151.101.150.251	10.133.19.67		
598	151.101.150.251	10.133.19.67		
599	142.251.166.156	10.133.19.67		
600	142.251.166.156	10.133.19.67		
601	10.133.19.67	151.101.150.251		
602	10.133.19.67	142.250.191.110		
603	10.133.19.67	142.250.191.110		
604	151.101.150.251	10.133.19.67		
605	142.250.191.110	10.133.19.67		
606	10.133.19.67	151.101.150.251		
607	151.101.150.251	10.133.19.67		
608	151.101.150.251	10.133.19.67		
609	10.133.19.67	151.101.150.251		
610	142.250.191.110	10.133.19.67		
611	10.133.19.67	142.250.191.110		
612	10.133.19.67	172.217.0.170		
613	10.133.19.67	172.217.0.170		
614	172.217.0.170	10.133.19.67		
615	172.217.0.170	10.133.19.67		
616	10.133.19.67	172.217.0.170		
617	10.133.19.67	172.217.0.170		
618	172.217.0.170	10.133.19.67		
619	172.217.0.170	10.133.19.67		
620	10.133.19.67	172.217.0.170		
621	10.133.19.67	172.217.0.170		
622	172.217.0.170	10.133.19.67		
623	172.217.0.170	10.133.19.67		
624	10.133.19.67	172.217.0.170		
625				
626	172.217.0.170	10.133.19.67		
627	10.133.19.67	142.250.191.106		
628	10.133.19.67	142.250.191.106		
629	142.250.191.106	10.133.19.67		
630	142.250.191.106	10.133.19.67		
631	142.250.191.106	10.133.19.67		
632	10.133.19.67	142.250.191.106		
633	142.250.191.106	10.133.19.67		
634	10.133.19.67	142.250.191.106		
635	142.250.191.106	10.133.19.67		
636	142.250.191.106	10.133.19.67		
637	10.133.19.67	142.250.191.106		
638	142.250.191.106	10.133.19.67		
639	10.133.19.67	142.250.191.106		
640	142.250.191.106	10.133.19.67		
641	10.133.19.67	172.217.4.206		
642	142.250.191.106	10.133.19.67		
643	10.133.19.67	142.250.191.106		
644	10.133.19.67	142.250.191.106		
645	142.250.191.106	10.133.19.67		
646	142.250.191.106	10.133.19.67		
647	10.133.19.67	142.250.191.106		
648	172.217.4.206	10.133.19.67		
649	142.250.191.106	10.133.19.67		
650	142.250.191.106	10.133.19.67		
651	10.133.19.67	142.250.190.136		
652	10.133.19.67	142.250.190.136		
653	10.133.19.67	137.22.1.7		
654	10.133.19.67	137.22.1.7		
655	137.22.1.7	10.133.19.67		
656	137.22.1.7	10.133.19.67		
657	10.133.19.67	18.160.96.86		
658	10.133.19.67	18.160.96.86		
659	18.160.96.86	10.133.19.67		
660	18.160.96.86	10.133.19.67		
661	10.133.19.67	18.160.96.86		
662	10.133.19.67	18.160.96.86		
663	10.133.19.67	18.160.96.86		
664	10.133.19.67	18.160.96.86		
665	142.250.190.136	10.133.19.67		
666	142.250.190.136	10.133.19.67		
667	18.160.96.86	10.133.19.67		
668	18.160.96.86	10.133.19.67		
669	18.160.96.86	10.133.19.67		
670	10.133.19.67	18.160.96.86		
671	18.160.96.86	10.133.19.67		
672	10.133.19.67	18.160.96.86		
673	18.160.96.86	10.133.19.67		
674	18.160.96.86	10.133.19.67		
675	18.160.96.86	10.133.19.67		
676	18.160.96.86	10.133.19.67		
677	10.133.19.67	18.160.96.86		
678	10.133.19.67	18.160.96.86		
679	10.133.19.67	142.250.190.136		
680	10.133.19.67	18.160.96.86		
681	10.133.19.67	18.160.96.86		
682	18.160.96.86	10.133.19.67		
683	18.160.96.86	10.133.19.67		
684	10.133.19.67	18.160.96.86		
685	10.133.19.67	18.160.96.86		
686	18.160.96.86	10.133.19.67		
687	18.160.96.86	10.133.19.67		
688	10.133.19.67	18.160.96.86		
689	10.133.19.67	18.160.96.86		
690	142.250.190.136	10.133.19.67		
691	142.250.190.136	10.133.19.67		
692	10.133.19.67	18.160.96.86		
693	10.133.19.67	18.160.96.86		
694	10.133.19.67	142.250.190.136		
695	10.133.19.67	18.160.96.86		
696	10.133.19.67	18.160.96.86		
697	10.133.19.67	18.160.96.86		
698	10.133.19.67	18.160.96.86		
699	18.160.96.86	10.133.19.67		
700	18.160.96.86	10.133.19.67		
701	10.133.19.67	18.160.96.86		
702	18.160.96.86	10.133.19.67		
703	18.160.96.86	10.133.19.67		
704	10.133.19.67	18.160.96.86		
705	10.133.19.67	18.160.96.86		
706	18.160.96.86	10.133.19.67		
707	18.160.96.86	10.133.19.67		
708	10.133.19.67	18.160.96.86		
709	18.160.96.86	10.133.19.67		
710	18.160.96.86	10.133.19.67		
711	18.160.96.86	10.133.19.67		
712	18.160.96.86	10.133.19.67		
713	10.133.19.67	18.160.96.86		
714	10.133.19.67	18.160.96.86		
715	18.160.96.86	10.133.19.67		
716	142.250.190.136	10.133.19.67		
717	142.250.190.136	10.133.19.67		
718	10.133.19.67	142.250.190.136		
719	18.160.96.86	10.133.19.67		
720	142.250.190.136	10.133.19.67		
721	10.133.19.67	142.250.190.136		
722	142.250.190.136	10.133.19.67		
723	10.133.19.67	142.250.190.136		
724	142.250.190.136	10.133.19.67		
725	142.250.190.136	10.133.19.67		
726	142.250.190.136	10.133.19.67		
727	10.133.19.67	142.250.190.136		
728	10.133.19.67	142.250.190.136		
729	142.250.190.136	10.133.19.67		
730	142.250.190.136	10.133.19.67		
731	10.133.19.67	142.250.190.136		
732	142.250.190.136	10.133.19.67		
733	142.250.190.136	10.133.19.67		
734	142.250.190.136	10.133.19.67		
735	142.250.190.136	10.133.19.67		
736	10.133.19.67	142.250.190.136		
737	142.250.190.136	10.133.19.67		
738	10.133.19.67	142.250.190.136		
739	142.250.190.136	10.133.19.67		
740	142.250.190.136	10.133.19.67		
741	142.250.190.136	10.133.19.67		
742	142.250.190.136	10.133.19.67		
743	142.250.190.136	10.133.19.67		
744	10.133.19.67	142.250.190.136		
745	10.133.19.67	142.250.190.136		
746	142.250.190.136	10.133.19.67		
747	10.133.19.67	142.250.190.136		
748	10.133.19.67	142.250.190.136		
749	10.133.19.67	142.250.190.136		
750	10.133.19.67	142.250.190.136		
751	10.133.19.67	142.250.190.136		
752	10.133.19.67	142.250.190.136		
753	10.133.19.67	142.250.190.136		
754	10.133.19.67	142.250.190.136		
755	10.133.19.67	142.250.190.136		
756	10.133.19.67	142.250.190.136		
757	34.111.113.62	10.133.19.67		
758	34.111.113.62	10.133.19.67		
759	10.133.19.67	34.111.113.62		
760	34.111.113.62	10.133.19.67		
761	10.133.19.67	34.111.113.62		
762	34.111.113.62	10.133.19.67		
763	10.133.19.67	34.111.113.62		
764	10.133.19.67	34.111.113.62		
765	10.133.19.67	34.111.113.62		
766	10.133.19.67	34.111.113.62		
767	34.111.113.62	10.133.19.67		
768	34.111.113.62	10.133.19.67		
769	10.133.19.67	34.111.113.62		
770	10.133.19.67	34.111.113.62		
771	34.111.113.62	10.133.19.67		
772	10.133.19.67	34.111.113.62		
773	34.111.113.62	10.133.19.67		
774	10.133.19.67	18.160.96.86		
775	34.111.113.62	10.133.19.67		
776	10.133.19.67	34.111.113.62		
777	18.160.96.86	10.133.19.67		
778	10.133.19.67	34.111.113.62		
779	10.133.19.67	34.111.113.62		
780	10.133.19.67	34.111.113.62		
781	10.133.19.67	34.111.113.62		
782	10.133.19.67	104.80.92.194		
783	10.133.19.67	18.160.96.86		
784	104.80.92.194	10.133.19.67		
785	18.160.96.86	10.133.19.67		
786	104.80.92.194	10.133.19.67		
787	10.133.19.67	104.80.92.194		
788	104.80.92.194	10.133.19.67		
789	10.133.19.67	104.80.92.194		
790	104.80.92.194	10.133.19.67		
791	104.80.92.194	10.133.19.67		
792	104.80.92.194	10.133.19.67		
793	104.80.92.194	10.133.19.67		
794	18.160.96.86	10.133.19.67		
795	104.80.92.194	10.133.19.67		
796	104.80.92.194	10.133.19.67		
797	104.80.92.194	10.133.19.67		
798	10.133.19.67	104.80.92.194		
799	10.133.19.67	18.160.96.86		
800	10.133.19.67	104.80.92.194		
801	10.133.19.67	104.80.92.194		
802	104.80.92.194	10.133.19.67		
803	104.80.92.194	10.133.19.67		
804	104.80.92.194	10.133.19.67		
805	104.80.92.194	10.133.19.67		
806	104.80.92.194	10.133.19.67		
807	10.133.19.67	104.80.92.194		
808	10.133.19.67	104.80.92.194		
809	104.80.92.194	10.133.19.67		
810	10.133.19.67	104.80.92.194		
811	104.80.92.194	10.133.19.67		
812	10.133.19.67	104.80.92.194		
813	104.80.92.194	10.133.19.67		
814	10.133.19.67	104.80.92.194		
815	34.111.113.62	10.133.19.67		
816	34.111.113.62	10.133.19.67		
817	34.111.113.62	10.133.19.67		
818	10.133.19.67	34.111.113.62		
819	34.111.113.62	10.133.19.67		
820	10.133.19.67	34.111.113.62		
821	34.111.113.62	10.133.19.67		
822	34.111.113.62	10.133.19.67		
823	34.111.113.62	10.133.19.67		
824	10.133.19.67	34.111.113.62		
825	10.133.19.67	172.217.0.170		
826	34.111.113.62	10.133.19.67		
827	10.133.19.67	34.111.113.62		
828	10.133.19.67	34.111.113.62		
829	10.133.19.67	34.111.113.62		
830	10.133.19.67	35.190.43.134		
831	172.217.0.170	10.133.19.67		
832	34.111.113.62	10.133.19.67		
833	34.111.113.62	10.133.19.67		
834	35.190.43.134	10.133.19.67		
835	18.160.96.86	10.133.19.67		
836	10.133.19.67	18.160.96.86		
837	10.133.19.67	35.190.43.134		
838	35.190.43.134	10.133.19.67		
839	10.133.19.67	35.190.43.134		
840	10.133.19.67	142.250.190.46		
841	10.133.19.67	137.22.1.7		
842	10.133.19.67	137.22.1.7		
843	35.190.43.134	10.133.19.67		
844	142.250.190.46	10.133.19.67		
845	142.250.190.46	10.133.19.67		
846	142.250.190.46	10.133.19.67		
847	10.133.19.67	142.250.190.46		
848	10.133.19.67	137.22.1.7		
849	10.133.19.67	137.22.1.7		
850	137.22.1.7	10.133.19.67		
851	137.22.1.7	10.133.19.67		
852	10.133.19.67	35.190.60.146		
853	137.22.1.7	10.133.19.67		
854	137.22.1.7	10.133.19.67		
855	35.190.60.146	10.133.19.67		
856	10.133.19.67	52.41.142.192		
857	10.133.19.67	35.190.60.146		
858	10.133.19.67	35.190.60.146		
859	10.133.19.67	157.240.26.27		
860	10.133.19.67	142.250.190.46		
861	10.133.19.67	157.240.26.27		
862	157.240.26.27	10.133.19.67		
863	157.240.26.27	10.133.19.67		
864	10.133.19.67	157.240.26.27		
865	157.240.26.27	10.133.19.67		
866	10.133.19.67	157.240.26.27		
867	157.240.26.27	10.133.19.67		
868	10.133.19.67	157.240.26.27		
869	157.240.26.27	10.133.19.67		
870	10.133.19.67	157.240.26.27		
871	157.240.26.27	10.133.19.67		
872	10.133.19.67	157.240.26.27		
873	157.240.26.27	10.133.19.67		
874	157.240.26.27	10.133.19.67		
875	157.240.26.27	10.133.19.67		
876	157.240.26.27	10.133.19.67		
877	10.133.19.67	157.240.26.27		
878	157.240.26.27	10.133.19.67		
879	157.240.26.27	10.133.19.67		
880	157.240.26.27	10.133.19.67		
881	10.133.19.67	157.240.26.27		
882	10.133.19.67	157.240.26.27		
883	157.240.26.27	10.133.19.67		
884	157.240.26.27	10.133.19.67		
885	157.240.26.27	10.133.19.67		
886	10.133.19.67	157.240.26.27		
887	10.133.19.67	157.240.26.27		
888	151.101.148.84	10.133.19.67		
889	10.133.19.67	151.101.148.84		
890	172.217.2.36	10.133.19.67		
891	107.178.254.65	10.133.19.67		
892	10.133.19.67	172.217.2.36		
893	35.190.43.134	10.133.19.67		
894	107.178.254.65	10.133.19.67		
895	10.133.19.67	107.178.254.65		
896	107.178.254.65	10.133.19.67		
897	10.133.19.67	107.178.254.65		
898	107.178.254.65	10.133.19.67		
899	10.133.19.67	107.178.254.65		
900	107.178.254.65	10.133.19.67		
901	10.133.19.67	107.178.254.65		
902	10.133.19.67	35.190.43.134		
903	10.133.19.67	107.178.254.65		
904	10.133.19.67	172.217.0.170		
905	10.133.19.67	107.178.254.65		
906	10.133.19.67	107.178.254.65		
907	10.133.19.67	107.178.254.65		
908	172.217.0.170	10.133.19.67		
909	172.217.2.36	10.133.19.67		
910	35.190.43.134	10.133.19.67		
911	107.178.254.65	10.133.19.67		
912	10.133.19.67	107.178.254.65		
913	107.178.254.65	10.133.19.67		
914	10.133.19.67	107.178.254.65		
915	10.133.19.67	107.178.254.65		
916	107.178.254.65	10.133.19.67		
917	107.178.254.65	10.133.19.67		
918	10.133.19.67	107.178.254.65		
919	10.133.19.67	107.178.254.65		
920	107.178.254.65	10.133.19.67		
921	107.178.254.65	10.133.19.67		
922	162.247.241.14	10.133.19.67		
923	10.133.19.67	162.247.241.14		
924	10.133.19.67	151.101.148.84		
925	10.133.19.67	137.22.1.7		
926	10.133.19.67	137.22.1.7		
927	137.22.1.7	10.133.19.67		
928	137.22.1.7	10.133.19.67		
929	10.133.19.67	157.240.26.35		
930	10.133.19.67	172.217.0.170		
931	10.133.19.67	137.22.1.7		
932	157.240.26.35	10.133.19.67		
933	151.101.148.84	10.133.19.67		
934	10.133.19.67	137.22.1.7		
935	10.133.19.67	157.240.26.35		
936	10.133.19.67	157.240.26.35		
937	137.22.1.7	10.133.19.67		
938	157.240.26.35	10.133.19.67		
939	137.22.1.7	10.133.19.67		
940	157.240.26.35	10.133.19.67		
941	10.133.19.67	157.240.26.35		
942	157.240.26.35	10.133.19.67		
943	10.133.19.67	157.240.26.35		
944	172.217.0.170	10.133.19.67		
945	151.101.148.84	10.133.19.67		
946	10.133.19.67	151.101.148.84		
947	10.133.19.67	13.107.42.14		
948	10.133.19.67	157.240.26.35		
949	10.133.19.67	157.240.26.35		
950	10.133.19.67	157.240.26.35		
951	13.107.42.14	10.133.19.67		
952	10.133.19.67	13.107.42.14		
953	10.133.19.67	13.107.42.14		
954	157.240.26.35	10.133.19.67		
955	157.240.26.35	10.133.19.67		
956	157.240.26.35	10.133.19.67		
957	10.133.19.67	157.240.26.35		
958	157.240.26.35	10.133.19.67		
959	10.133.19.67	157.240.26.35		
960	10.133.19.67	157.240.26.35		
961	157.240.26.35	10.133.19.67		
962	10.133.19.67	157.240.26.35		
963	13.107.42.14	10.133.19.67		
964	13.107.42.14	10.133.19.67		
965	10.133.19.67	13.107.42.14		
966	13.107.42.14	10.133.19.67		
967	10.133.19.67	13.107.42.14		
968	13.107.42.14	10.133.19.67		
969	10.133.19.67	13.107.42.14		
970	13.107.42.14	10.133.19.67		
971	10.133.19.67	13.107.42.14		
972	10.133.19.67	13.107.42.14		
973	10.133.19.67	162.247.241.14		
974	10.133.19.67	162.247.241.14		
975	10.133.19.67	13.107.42.14		
976	10.133.19.67	13.107.42.14		
977	10.133.19.67	13.107.42.14		
978	162.247.241.14	10.133.19.67		
979	162.247.241.14	10.133.19.67		
980	13.107.42.14	10.133.19.67		
981	13.107.42.14	10.133.19.67		
982	13.107.42.14	10.133.19.67		
983	13.107.42.14	10.133.19.67		
984	13.107.42.14	10.133.19.67		
985	10.133.19.67	13.107.42.14		
986	10.133.19.67	13.107.42.14		
987	13.107.42.14	10.133.19.67		
988	10.133.19.67	13.107.42.14		
989	13.107.42.14	10.133.19.67		
990	157.240.26.35	10.133.19.67		
991	162.247.241.14	10.133.19.67		
992	10.133.19.67	162.247.241.14		
993	162.247.241.14	10.133.19.67		
994	10.133.19.67	162.247.241.14		
995	162.247.241.14	10.133.19.67		
996	10.133.19.67	162.247.241.14		
997	13.107.42.14	10.133.19.67		
998	10.133.19.67	13.107.42.14		
999	10.133.19.67	13.107.42.14		
1000	13.107.42.14	10.133.19.67		
1001	10.133.19.67	13.107.42.14		
1002	13.107.42.14	10.133.19.67		
1003	13.107.42.14	10.133.19.67		
1004	10.133.19.67	13.107.42.14		
1005	10.133.19.67	172.217.4.206		
1006	172.217.4.206	10.133.19.67		
1007	10.133.19.67	172.217.0.170		
1008	172.217.0.170	10.133.19.67		
1009	10.133.19.67	35.186.224.25		
1010	10.133.19.67	157.240.26.35		
1011	10.133.19.67	157.240.26.35		
1012	35.186.224.25	10.133.19.67		
1013	157.240.26.35	10.133.19.67		
1014	157.240.26.35	10.133.19.67		
1015	10.133.19.67	157.240.26.35		
1016	157.240.26.35	10.133.19.67		
1017	10.133.19.67	157.240.26.35		
1018	157.240.26.35	10.133.19.67		
1019	157.240.26.35	10.133.19.67		
1020	157.240.26.35	10.133.19.67		
1021	157.240.26.35	10.133.19.67		
1022	10.133.19.67	157.240.26.35		
1023	10.133.19.67	157.240.26.35		
1024	157.240.26.35	10.133.19.67		
1025	157.240.26.35	10.133.19.67		
1026	10.133.19.67	157.240.26.35		
1027	35.186.224.25	10.133.19.67		
1028	157.240.26.35	10.133.19.67		
1029	10.133.19.67	35.186.224.25		
1030	10.133.19.67	137.22.1.7		
1031	10.133.19.67	137.22.1.7		
1032	137.22.1.7	10.133.19.67		
1033	137.22.1.7	10.133.19.67		
1034	10.133.19.67	35.186.224.25		
1035	10.133.19.67	35.186.224.25		
1036	35.186.224.25	10.133.19.67		
1037	35.186.224.25	10.133.19.67		
1038	157.240.26.35	10.133.19.67		
1039	157.240.26.35	10.133.19.67		
1040	10.133.19.67	157.240.26.35		
1041	35.186.224.25	10.133.19.67		
1042	35.186.224.25	10.133.19.67		
1043	10.133.19.67	35.186.224.25		
1044	10.133.19.67	35.186.224.25		
1045	10.133.19.67	35.186.224.25		
1046	10.133.19.67	35.186.224.25		
1047	35.186.224.25	10.133.19.67		
1048	35.186.224.25	10.133.19.67		
1049	35.186.224.25	10.133.19.67		
1050	10.133.19.67	35.186.224.25		
1051	35.186.224.25	10.133.19.67		
1052	35.186.224.25	10.133.19.67		
1053	10.133.19.67	35.186.224.25		
1054				
1055	35.186.224.25	10.133.19.67		
1056	35.186.224.25	10.133.19.67		
1057	10.133.19.67	35.186.224.25		
1058	35.186.224.25	10.133.19.67		
1059	35.186.224.25	10.133.19.67		
1060	10.133.19.67	35.186.224.25		
1061	35.186.224.25	10.133.19.67		
1062	35.186.224.25	10.133.19.67		
1063	10.133.19.67	35.186.224.25		
1064	10.133.19.67	151.101.150.248		
1065	151.101.150.248	10.133.19.67		
1066	10.133.19.67	151.101.150.248		
1067	10.133.19.67	151.101.150.248		
1068	10.133.19.67	151.101.150.248		
1069	151.101.150.248	10.133.19.67		
1070	10.133.19.67	151.101.150.248		
1071	151.101.150.248	10.133.19.67		
1072	151.101.150.248	10.133.19.67		
1073	10.133.19.67	151.101.150.248		
1074	10.133.19.67	151.101.150.248		
1075	151.101.150.248	10.133.19.67		
1076	10.133.19.67	151.101.150.248		
1077	10.133.19.67	151.101.150.248		
1078	10.133.19.67	151.101.150.248		
1079	151.101.150.248	10.133.19.67		
1080	10.133.19.67	151.101.150.248		
1081	10.133.19.67	151.101.150.248		
1082	151.101.150.248	10.133.19.67		
1083	10.133.19.67	151.101.150.248		
1084	10.133.19.67	151.101.150.248		
1085	151.101.150.248	10.133.19.67		
1086	151.101.150.248	10.133.19.67		
1087	10.133.19.67	151.101.150.248		
1088	151.101.150.248	10.133.19.67		
1089	10.133.19.67	151.101.150.248		
1090	151.101.150.248	10.133.19.67		
1091	10.133.19.67	151.101.150.248		
1092	151.101.150.248	10.133.19.67		
1093	151.101.150.248	10.133.19.67		
1094	151.101.150.248	10.133.19.67		
1095	151.101.150.248	10.133.19.67		
1096	151.101.150.248	10.133.19.67		
1097	151.101.150.248	10.133.19.67		
1098	151.101.150.248	10.133.19.67		
1099	151.101.150.248	10.133.19.67		
1100	10.133.19.67	151.101.150.248		
1101	10.133.19.67	151.101.150.248		
1102	10.133.19.67	151.101.150.248		
1103	151.101.150.248	10.133.19.67		
1104	151.101.150.248	10.133.19.67		
1105	10.133.19.67	151.101.150.248		
1106	10.133.19.67	151.101.150.248		
1107	151.101.150.248	10.133.19.67		
1108	151.101.150.248	10.133.19.67		
1109	10.133.19.67	151.101.150.248		
1110	151.101.150.248	10.133.19.67		
1111	151.101.150.248	10.133.19.67		
1112	151.101.150.248	10.133.19.67		
1113	10.133.19.67	151.101.150.248		
1114	10.133.19.67	151.101.150.248		
1115	151.101.150.248	10.133.19.67		
1116	10.133.19.67	151.101.150.248		
1117	151.101.150.248	10.133.19.67		
1118	10.133.19.67	151.101.150.248		
1119	10.133.19.67	151.101.150.248		
1120	10.133.19.67	151.101.150.248		
1121	10.133.19.67	151.101.150.248		
1122	151.101.150.248	10.133.19.67		
1123	151.101.150.248	10.133.19.67		
1124	10.133.19.67	151.101.150.248		
1125	151.101.150.248	10.133.19.67		
1126	10.133.19.67	151.101.150.248		
1127	151.101.150.248	10.133.19.67		
1128	10.133.19.67	151.101.150.248		
1129	10.133.19.67	151.101.150.248		
1130	151.101.150.248	10.133.19.67		
1131	10.133.19.67	151.101.150.248		
1132	151.101.150.248	10.133.19.67		
1133	10.133.19.67	151.101.150.248		
1134	151.101.150.248	10.133.19.67		
1135	151.101.150.248	10.133.19.67		
1136	151.101.150.248	10.133.19.67		
1137	151.101.150.248	10.133.19.67		
1138	151.101.150.248	10.133.19.67		
1139	151.101.150.248	10.133.19.67		
1140	151.101.150.248	10.133.19.67		
1141	151.101.150.248	10.133.19.67		
1142	10.133.19.67	151.101.150.248		
1143	10.133.19.67	151.101.150.248		
1144	151.101.150.248	10.133.19.67		
1145	151.101.150.248	10.133.19.67		
1146	151.101.150.248	10.133.19.67		
1147	151.101.150.248	10.133.19.67		
1148	10.133.19.67	151.101.150.248		
1149	10.133.19.67	151.101.150.248		
1150	10.133.19.67	151.101.150.248		
1151	10.133.19.67	151.101.150.248		
1152	151.101.150.248	10.133.19.67		
1153	151.101.150.248	10.133.19.67		
1154	151.101.150.248	10.133.19.67		
1155	151.101.150.248	10.133.19.67		
1156	151.101.150.248	10.133.19.67		
1157	151.101.150.248	10.133.19.67		
1158	151.101.150.248	10.133.19.67		
1159	151.101.150.248	10.133.19.67		
1160	151.101.150.248	10.133.19.67		
1161	151.101.150.248	10.133.19.67		
1162	151.101.150.248	10.133.19.67		
1163	10.133.19.67	151.101.150.248		
1164	10.133.19.67	151.101.150.248		
1165	151.101.150.248	10.133.19.67		
1166	151.101.150.248	10.133.19.67		
1167	151.101.150.248	10.133.19.67		
1168	10.133.19.67	151.101.150.248		
1169	151.101.150.248	10.133.19.67		
1170	151.101.150.248	10.133.19.67		
1171	151.101.150.248	10.133.19.67		
1172	10.133.19.67	151.101.150.248		
1173	151.101.150.248	10.133.19.67		
1174	151.101.150.248	10.133.19.67		
1175	151.101.150.248	10.133.19.67		
1176	10.133.19.67	151.101.150.248		
1177	151.101.150.248	10.133.19.67		
1178	151.101.150.248	10.133.19.67		
1179	151.101.150.248	10.133.19.67		
1180	10.133.19.67	151.101.150.248		
1181	10.133.19.67	151.101.150.248		
1182	10.133.19.67	151.101.150.248		
1183	151.101.150.248	10.133.19.67		
1184	151.101.150.248	10.133.19.67		
1185	151.101.150.248	10.133.19.67		
1186	151.101.150.248	10.133.19.67		
1187	151.101.150.248	10.133.19.67		
1188	151.101.150.248	10.133.19.67		
1189	10.133.19.67	151.101.150.248		
1190	10.133.19.67	151.101.150.248		
1191	10.133.19.67	151.101.150.248		
1192	10.133.19.67	151.101.150.248		
1193	151.101.150.248	10.133.19.67		
1194	151.101.150.248	10.133.19.67		
1195	151.101.150.248	10.133.19.67		
1196	151.101.150.248	10.133.19.67		
1197	10.133.19.67	151.101.150.248		
1198	151.101.150.248	10.133.19.67		
1199	151.101.150.248	10.133.19.67		
1200	151.101.150.248	10.133.19.67		
1201	151.101.150.248	10.133.19.67		
1202	151.101.150.248	10.133.19.67		
1203	151.101.150.248	10.133.19.67		
1204	10.133.19.67	151.101.150.248		
1205	10.133.19.67	151.101.150.248		
1206	10.133.19.67	151.101.150.248		
1207	10.133.19.67	151.101.150.248		
1208	151.101.150.248	10.133.19.67		
1209	10.133.19.67	151.101.150.248		
1210	151.101.150.248	10.133.19.67		
1211	151.101.150.248	10.133.19.67		
1212	10.133.19.67	151.101.150.248		
1213	10.133.19.67	151.101.150.248		
1214	151.101.150.248	10.133.19.67		
1215	10.133.19.67	151.101.150.248		
1216	151.101.150.248	10.133.19.67		
1217	151.101.150.248	10.133.19.67		
1218	151.101.150.248	10.133.19.67		
1219	151.101.150.248	10.133.19.67		
1220	151.101.150.248	10.133.19.67		
1221	10.133.19.67	151.101.150.248		
1222	10.133.19.67	151.101.150.248		
1223	10.133.19.67	151.101.150.248		
1224	10.133.19.67	151.101.150.248		
1225	151.101.150.248	10.133.19.67		
1226	10.133.19.67	151.101.150.248		
1227				
1228	10.133.19.67	172.217.1.106		
1229	10.133.19.67	172.217.1.106		
1230	137.22.94.20	10.133.19.67		
1231	172.217.1.106	10.133.19.67		
1232	172.217.1.106	10.133.19.67		
1233	10.133.19.67	172.217.1.106		
1234	10.133.19.67	172.217.1.106		
1235	172.217.1.106	10.133.19.67		
1236	172.217.1.106	10.133.19.67		
1237	10.133.19.67	172.217.1.106		
1238	10.133.19.67	172.217.0.170		
1239	10.133.19.67	142.250.191.110		
1240	172.217.0.170	10.133.19.67		
1241	142.250.191.110	10.133.19.67		
1242				
1243				
1244	137.22.94.20	10.133.19.67		
1245	10.133.19.67	137.22.94.20		
1246	137.22.94.20	10.133.19.67		
1247	137.22.94.20	10.133.19.67		
1248	137.22.94.20	10.133.19.67		
1249	137.22.94.20	10.133.19.67		
1250	137.22.94.20	10.133.19.67		
1251	10.133.19.67	137.22.94.20		
1252	137.22.94.20	10.133.19.67		
1253	137.22.94.20	10.133.19.67		
1254	10.133.19.67	137.22.94.20		
1255	10.133.19.67	137.22.94.20		
1256	10.133.19.67	137.22.94.20		
1257	137.22.94.20	10.133.19.67		
1258	137.22.94.20	10.133.19.67		
1259	10.133.19.67	137.22.94.20		
1260	10.133.19.67	137.22.94.20		
1261	137.22.94.20	10.133.19.67		
1262	137.22.94.20	10.133.19.67		
1263	10.133.19.67	137.22.94.20		
1264	10.133.19.67	137.22.94.20		
1265	137.22.94.20	10.133.19.67		
1266	137.22.94.20	10.133.19.67		
1267	137.22.94.20	10.133.19.67		
1268	137.22.94.20	10.133.19.67		
1269	137.22.94.20	10.133.19.67		
1270	10.133.19.67	137.22.94.20		
1271	10.133.19.67	137.22.94.20		
1272	10.133.19.67	137.22.94.20		
1273	137.22.94.20	10.133.19.67		
1274	10.133.19.67	137.22.94.20		
1275	137.22.94.20	10.133.19.67		
1276	10.133.19.67	137.22.94.20		
1277	137.22.94.20	10.133.19.67		
1278	10.133.19.67	162.247.241.14		
1279	162.247.241.14	10.133.19.67		
1280	137.22.94.20	10.133.19.67		
1281	137.22.94.20	10.133.19.67		
1282	10.133.19.67	137.22.94.20		
1283	10.133.19.67	137.22.94.20		
1284	137.22.94.20	10.133.19.67		
1285	137.22.94.20	10.133.19.67		
1286	137.22.94.20	10.133.19.67		
1287	137.22.94.20	10.133.19.67		
1288	137.22.94.20	10.133.19.67		
1289	10.133.19.67	137.22.94.20		
1290	137.22.94.20	10.133.19.67		
1291	137.22.94.20	10.133.19.67		
1292	10.133.19.67	137.22.94.20		
1293	137.22.94.20	10.133.19.67		
1294	10.133.19.67	137.22.94.20		
1295	137.22.94.20	10.133.19.67		
1296	10.133.19.67	137.22.94.20		
1297	10.133.19.67	137.22.94.20		
1298	10.133.19.67	151.101.150.137		
1299	151.101.150.137	10.133.19.67		
1300	10.133.19.67	137.22.94.20		
1301	162.247.241.14	10.133.19.67		
1302	10.133.19.67	162.247.241.14		
1303	137.22.94.20	10.133.19.67		
1304	137.22.94.20	10.133.19.67		
1305	10.133.19.67	137.22.94.20		
1306	10.133.19.67	137.22.94.20		
1307	137.22.94.20	10.133.19.67		
1308	137.22.94.20	10.133.19.67		
1309	137.22.94.20	10.133.19.67		
1310	137.22.94.20	10.133.19.67		
1311	137.22.94.20	10.133.19.67		
1312	137.22.94.20	10.133.19.67		
1313	137.22.94.20	10.133.19.67		
1314	137.22.94.20	10.133.19.67		
1315	137.22.94.20	10.133.19.67		
1316	10.133.19.67	137.22.94.20		
1317	10.133.19.67	137.22.94.20		
1318	10.133.19.67	137.22.94.20		
1319	10.133.19.67	137.22.94.20		
1320	137.22.94.20	10.133.19.67		
1321	137.22.94.20	10.133.19.67		
1322	137.22.94.20	10.133.19.67		
1323	137.22.94.20	10.133.19.67		
1324	137.22.94.20	10.133.19.67		
1325	137.22.94.20	10.133.19.67		
1326	137.22.94.20	10.133.19.67		
1327	137.22.94.20	10.133.19.67		
1328	137.22.94.20	10.133.19.67		
1329	10.133.19.67	137.22.94.20		
1330	137.22.94.20	10.133.19.67		
1331	137.22.94.20	10.133.19.67		
1332	137.22.94.20	10.133.19.67		
1333	137.22.94.20	10.133.19.67		
1334	137.22.94.20	10.133.19.67		
1335	137.22.94.20	10.133.19.67		
1336	10.133.19.67	137.22.94.20		
1337	137.22.94.20	10.133.19.67		
1338	137.22.94.20	10.133.19.67		
1339	137.22.94.20	10.133.19.67		
1340	10.133.19.67	137.22.94.20		
1341	137.22.94.20	10.133.19.67		
1342	137.22.94.20	10.133.19.67		
1343	137.22.94.20	10.133.19.67		
1344	137.22.94.20	10.133.19.67		
1345	137.22.94.20	10.133.19.67		
1346	137.22.94.20	10.133.19.67		
1347	137.22.94.20	10.133.19.67		
1348	137.22.94.20	10.133.19.67		
1349	137.22.94.20	10.133.19.67		
1350	10.133.19.67	137.22.94.20		
1351	137.22.94.20	10.133.19.67		
1352	137.22.94.20	10.133.19.67		
1353	137.22.94.20	10.133.19.67		
1354	137.22.94.20	10.133.19.67		
1355	137.22.94.20	10.133.19.67		
1356	137.22.94.20	10.133.19.67		
1357	137.22.94.20	10.133.19.67		
1358	137.22.94.20	10.133.19.67		
1359	137.22.94.20	10.133.19.67		
1360	137.22.94.20	10.133.19.67		
1361	10.133.19.67	137.22.94.20		
1362	137.22.94.20	10.133.19.67		
1363	137.22.94.20	10.133.19.67		
1364	137.22.94.20	10.133.19.67		
1365	10.133.19.67	137.22.94.20		
1366	137.22.94.20	10.133.19.67		
1367	137.22.94.20	10.133.19.67		
1368	137.22.94.20	10.133.19.67		
1369	10.133.19.67	137.22.94.20		
1370	137.22.94.20	10.133.19.67		
1371	137.22.94.20	10.133.19.67		
1372	10.133.19.67	137.22.94.20		
1373	10.133.19.67	137.22.94.20		
1374	10.133.19.67	137.22.94.20		
1375	10.133.19.67	137.22.94.20		
1376	10.133.19.67	137.22.94.20		
1377	10.133.19.67	137.22.94.20		
1378	10.133.19.67	137.22.94.20		
1379	10.133.19.67	137.22.94.20		
1380	10.133.19.67	137.22.94.20		
1381	10.133.19.67	137.22.94.20		
1382	35.186.224.16	10.133.19.67		
1383	10.133.19.67	35.186.224.16		
1384	35.186.224.16	10.133.19.67		
1385	10.133.19.67	172.217.0.170		
1386				
1387	172.217.0.170	10.133.19.67		
1388				
1389	10.133.19.67	137.22.94.20		
1390	137.22.94.20	10.133.19.67		
1391	10.133.19.67	137.22.94.20		
1392	137.22.94.20	10.133.19.67		
1393	10.133.19.67	137.22.94.20		
1394	137.22.94.20	10.133.19.67		
1395	137.22.94.20	10.133.19.67		
1396	137.22.94.20	10.133.19.67		
1397	137.22.94.20	10.133.19.67		
1398	137.22.94.20	10.133.19.67		
1399	137.22.94.20	10.133.19.67		
1400	10.133.19.67	137.22.94.20		
1401	10.133.19.67	137.22.94.20		
1402	10.133.19.67	137.22.94.20		
1403	137.22.94.20	10.133.19.67		
1404	10.133.19.67	137.22.94.20		
1405	137.22.94.20	10.133.19.67		
1406	10.133.19.67	137.22.94.20		
1407	137.22.94.20	10.133.19.67		
1408	10.133.19.67	137.22.94.20		
1409	137.22.94.20	10.133.19.67		
1410	10.133.19.67	137.22.94.20		
1411	137.22.94.20	10.133.19.67		
1412	137.22.94.20	10.133.19.67		
1413	137.22.94.20	10.133.19.67		
1414	137.22.94.20	10.133.19.67		
1415	137.22.94.20	10.133.19.67		
1416	137.22.94.20	10.133.19.67		
1417	137.22.94.20	10.133.19.67		
1418	10.133.19.67	137.22.94.20		
1419	10.133.19.67	137.22.94.20		
1420	10.133.19.67	137.22.94.20		
1421	10.133.19.67	137.22.94.20		
1422	137.22.94.20	10.133.19.67		
1423	137.22.94.20	10.133.19.67		
1424	137.22.94.20	10.133.19.67		
1425	137.22.94.20	10.133.19.67		
1426	137.22.94.20	10.133.19.67		
1427	137.22.94.20	10.133.19.67		
1428	10.133.19.67	137.22.94.20		
1429	10.133.19.67	137.22.94.20		
1430	10.133.19.67	137.22.94.20		
1431	137.22.94.20	10.133.19.67		
1432	137.22.94.20	10.133.19.67		
1433	137.22.94.20	10.133.19.67		
1434	137.22.94.20	10.133.19.67		
1435	137.22.94.20	10.133.19.67		
1436	137.22.94.20	10.133.19.67		
1437	137.22.94.20	10.133.19.67		
1438	10.133.19.67	137.22.94.20		
1439	10.133.19.67	137.22.94.20		
1440	10.133.19.67	137.22.94.20		
1441	137.22.94.20	10.133.19.67		
1442	10.133.19.67	137.22.94.20		
1443	137.22.94.20	10.133.19.67		
1444	10.133.19.67	137.22.94.20		
1445	137.22.94.20	10.133.19.67		
1446	137.22.94.20	10.133.19.67		
1447	137.22.94.20	10.133.19.67		
1448	137.22.94.20	10.133.19.67		
1449	137.22.94.20	10.133.19.67		
1450	10.133.19.67	137.22.94.20		
1451	137.22.94.20	10.133.19.67		
1452	137.22.94.20	10.133.19.67		
1453	137.22.94.20	10.133.19.67		
1454	137.22.94.20	10.133.19.67		
1455	137.22.94.20	10.133.19.67		
1456	137.22.94.20	10.133.19.67		
1457	137.22.94.20	10.133.19.67		
1458	137.22.94.20	10.133.19.67		
1459	137.22.94.20	10.133.19.67		
1460	137.22.94.20	10.133.19.67		
1461	137.22.94.20	10.133.19.67		
1462	137.22.94.20	10.133.19.67		
1463	137.22.94.20	10.133.19.67		
1464	137.22.94.20	10.133.19.67		
1465	137.22.94.20	10.133.19.67		
1466	10.133.19.67	137.22.94.20		
1467	137.22.94.20	10.133.19.67		
1468	10.133.19.67	137.22.94.20		
1469	137.22.94.20	10.133.19.67		
1470	10.133.19.67	137.22.94.20		
1471	137.22.94.20	10.133.19.67		
1472	10.133.19.67	137.22.94.20		
1473				
1474	10.133.19.67	137.22.94.35		
1475	137.22.94.35	10.133.19.67		
1476	10.133.19.67	142.250.112.188		
1477	142.250.112.188	10.133.19.67		
1478	10.133.19.67	142.250.112.188		
1479	142.250.112.188	10.133.19.67		
1480				
1481				
1482	10.133.19.67	172.217.0.170		
1483	10.133.19.67	162.247.241.14		
1484	172.217.0.170	10.133.19.67		
1485	162.247.241.14	10.133.19.67		
1486	162.247.241.14	10.133.19.67		
1487	162.247.241.14	10.133.19.67		
1488	10.133.19.67	162.247.241.14		
1489				
1490				
1491	10.133.19.67	151.101.150.251		
1492	151.101.150.251	10.133.19.67		
1493	151.101.150.251	10.133.19.67		
1494	10.133.19.67	151.101.150.251		
1495	151.101.150.251	10.133.19.67		
1496	10.133.19.67	151.101.150.251		
1497	10.133.19.67	151.101.150.251		
1498	151.101.150.251	10.133.19.67		
1499	151.101.150.251	10.133.19.67		
1500	151.101.150.251	10.133.19.67		
