1	142.250.191.208	10.133.19.67		
2	142.250.191.208	10.133.19.67		
3	10.133.19.67	142.250.191.208		
4				
5				
6				
7	142.250.190.14	10.133.19.67		
8	142.250.190.14	10.133.19.67		
9	10.133.19.67	142.250.190.14		
10	142.250.190.14	10.133.19.67		
11	142.250.190.14	10.133.19.67		
12	10.133.19.67	142.250.190.14		
13	142.250.190.14	10.133.19.67		
14	10.133.19.67	142.250.190.14		
15	10.133.19.67	142.250.190.14		
16	142.250.190.14	10.133.19.67		
17	142.250.190.14	10.133.19.67		
18	10.133.19.67	142.250.190.14		
19	10.133.19.67	35.186.224.25		
20	142.250.190.14	10.133.19.67		
21	10.133.19.67	142.250.190.14		
22	142.250.190.14	10.133.19.67		
23	10.133.19.67	142.250.190.14		
24	35.186.224.25	10.133.19.67		
25	142.250.190.14	10.133.19.67		
26	142.250.190.14	10.133.19.67		
27				
28				
29				
30				
31				
32				
33				
34				
35				
36				
37				
38				
39				
40				
41				
42				
43				
44				
45				
46				
47				
48				
49				
50				
51				
52				
53	34.96.78.2	10.133.19.67		
54	10.133.19.67	34.96.78.2		
55	10.133.19.67	34.96.78.2		
56	34.96.78.2	10.133.19.67		
57				
58				
59				
60				
61	10.133.19.67	35.186.224.16		
62	35.186.224.16	10.133.19.67		
63				
64	172.217.4.202	10.133.19.67		
65	10.133.19.67	172.217.4.202		
66	10.133.19.67	172.217.4.202		
67	172.217.4.202	10.133.19.67		
68	10.133.19.67	172.217.4.202		
69	10.133.19.67	172.217.4.202		
70	10.133.19.67	172.217.4.202		
71	172.217.4.202	10.133.19.67		
72	172.217.4.202	10.133.19.67		
73	10.133.19.67	172.217.4.202		
74	172.217.4.202	10.133.19.67		
75	10.133.19.67	172.217.4.202		
76				
77				
78	172.217.4.202	10.133.19.67		
79	10.133.19.67	172.217.4.202		
80	172.217.4.202	10.133.19.67		
81	10.133.19.67	172.217.4.202		
82	172.217.4.202	10.133.19.67		
83	172.217.4.202	10.133.19.67		
84	10.133.19.67	172.217.4.202		
85	10.133.19.67	172.217.4.202		
86	172.217.4.202	10.133.19.67		
87				
88	10.133.19.67	142.250.190.74		
89	10.133.19.67	142.250.190.74		
90	10.133.19.67	142.250.190.74		
91	142.250.190.74	10.133.19.67		
92	142.250.190.74	10.133.19.67		
93	142.250.190.74	10.133.19.67		
94	142.250.190.74	10.133.19.67		
95	10.133.19.67	142.250.190.74		
96	10.133.19.67	142.250.190.74		
97	142.250.190.74	10.133.19.67		
98	142.250.190.74	10.133.19.67		
99	10.133.19.67	142.250.190.74		
100				
101				
102				
103	142.250.190.74	10.133.19.67		
104	142.250.190.74	10.133.19.67		
105	10.133.19.67	142.250.190.74		
106	10.133.19.67	172.217.4.202		
107	142.250.190.74	10.133.19.67		
108	172.217.4.202	10.133.19.67		
109	10.133.19.67	172.217.4.202		
110	10.133.19.67	142.250.190.74		
111	172.217.4.202	10.133.19.67		
112	172.217.4.202	10.133.19.67		
113	10.133.19.67	172.217.4.202		
114	10.133.19.67	172.217.4.202		
115	10.133.19.67	142.250.190.74		
116	172.217.4.202	10.133.19.67		
117	142.250.190.74	10.133.19.67		
118	10.133.19.67	142.250.190.74		
119	142.250.190.74	10.133.19.67		
120	142.250.190.74	10.133.19.67		
121	10.133.19.67	142.250.190.74		
122	10.133.19.67	172.217.4.202		
123	172.217.4.202	10.133.19.67		
124	10.133.19.67	172.217.4.202		
125	10.133.19.67	142.250.190.74		
126	142.250.190.74	10.133.19.67		
127	172.217.4.202	10.133.19.67		
128	10.133.19.67	172.217.4.202		
129	172.217.4.202	10.133.19.67		
130				
131				
132				
133				
134				
135				
136				
137				
138				
139				
140				
141				
142				
143				
144				
145				
146				
147				
148				
149				
150				
151				
152				
153				
154				
155				
156				
157				
158				
159				
160				
161				
162				
163				
164				
165				
166				
167				
168				
169				
170	10.133.19.67	142.250.191.197		
171	142.250.191.197	10.133.19.67		
172				
173				
174				
175				
176	172.217.4.202	10.133.19.67		
177	172.217.4.202	10.133.19.67		
178	10.133.19.67	172.217.4.202		
179				
180				
181	10.133.19.67	142.250.190.74		
182	142.250.190.74	10.133.19.67		
183	10.133.19.67	142.250.190.74		
184	142.250.190.74	10.133.19.67		
185	142.250.190.74	10.133.19.67		
186	10.133.19.67	142.250.190.74		
187	10.133.19.67	172.217.4.202		
188	172.217.4.202	10.133.19.67		
189	10.133.19.67	172.217.4.202		
190	10.133.19.67	142.250.190.74		
191	142.250.190.74	10.133.19.67		
192				
193	172.217.4.202	10.133.19.67		
194	10.133.19.67	172.217.4.202		
195	172.217.4.202	10.133.19.67		
196				
197				
198				
199				
200	54.227.133.51	10.133.19.67		
201	10.133.19.67	54.227.133.51		
202	10.133.19.67	54.227.133.51		
203	54.227.133.51	10.133.19.67		
204				
205				
206				
207				
208				
209				
210				
211				
212				
213				
214				
215				
216				
217				
218				
219				
220				
221				
222				
223				
224				
225				
226				
227				
228				
229				
230				
231				
232				
233				
234				
235				
236				
237				
238				
239				
240				
241				
242				
243				
244				
245				
246				
247				
248				
249				
250				
251				
252				
253				
254				
255	172.217.4.202	10.133.19.67		
256	172.217.4.202	10.133.19.67		
257	10.133.19.67	172.217.4.202		
258	10.133.19.67	142.250.190.74		
259	142.250.190.74	10.133.19.67		
260	142.250.190.74	10.133.19.67		
261	142.250.190.74	10.133.19.67		
262	10.133.19.67	142.250.190.74		
263	10.133.19.67	172.217.4.202		
264	172.217.4.202	10.133.19.67		
265	10.133.19.67	172.217.4.202		
266	10.133.19.67	142.250.190.74		
267	142.250.190.74	10.133.19.67		
268	142.250.190.74	10.133.19.67		
269	10.133.19.67	142.250.190.74		
270	172.217.4.202	10.133.19.67		
271	10.133.19.67	172.217.4.202		
272	172.217.4.202	10.133.19.67		
273				
274				
275				
276				
277				
278				
279				
280	10.133.19.67	142.250.190.14		
281	142.250.190.14	10.133.19.67		
282	10.133.19.67	142.250.190.14		
283	142.250.190.14	10.133.19.67		
284	142.250.190.14	10.133.19.67		
285	10.133.19.67	142.250.190.14		
286	10.133.19.67	142.250.190.14		
287	142.250.190.14	10.133.19.67		
288				
289				
290				
291				
292				
293				
294				
295				
296				
297				
298				
299				
300				
301				
302				
303				
304				
305				
306				
307				
308				
309				
310				
311				
312				
313				
314				
315				
316	10.133.19.67	34.205.205.196		
317	34.205.205.196	10.133.19.67		
318				
319				
320				
321				
322				
323				
324				
325				
326				
327				
328				
329				
330				
331				
332				
333				
334				
335				
336				
337				
338				
339				
340				
341				
342				
343				
344				
345				
346				
347				
348				
349				
350				
351				
352				
353	54.227.133.51	10.133.19.67		
354	10.133.19.67	54.227.133.51		
355	10.133.19.67	54.227.133.51		
356	54.227.133.51	10.133.19.67		
357				
358				
359				
360				
361				
362				
363				
364				
365				
366				
367				
368				
369				
370				
371				
372				
373				
374				
375				
376				
377				
378				
379				
380				
381				
382				
383	10.133.19.67	172.217.4.67		
384	10.133.19.67	172.217.4.67		
385	10.133.19.67	172.217.4.67		
386	10.133.19.67	172.217.4.67		
387	172.217.4.67	10.133.19.67		
388	172.217.4.67	10.133.19.67		
389	10.133.19.67	172.217.4.67		
390	10.133.19.67	172.217.4.67		
391	172.217.4.67	10.133.19.67		
392	172.217.4.67	10.133.19.67		
393	172.217.4.67	10.133.19.67		
394	10.133.19.67	172.217.4.67		
395	172.217.4.67	10.133.19.67		
396	172.217.4.67	10.133.19.67		
397	10.133.19.67	172.217.4.67		
398	172.217.4.67	10.133.19.67		
399	172.217.4.67	10.133.19.67		
400	10.133.19.67	172.217.4.67		
401				
402				
403				
404				
405				
406	172.217.4.67	10.133.19.67		
407	10.133.19.67	172.217.4.67		
408	172.217.4.67	10.133.19.67		
409	172.217.4.67	10.133.19.67		
410				
411				
412				
413				
414				
415				
416				
417				
418				
419				
420				
421				
422				
423				
424				
425	142.250.190.14	10.133.19.67		
426	10.133.19.67	142.250.190.14		
427	10.133.19.67	172.64.171.2		
428	10.133.19.67	137.22.1.7		
429	10.133.19.67	137.22.1.7		
430	137.22.1.7	10.133.19.67		
431	137.22.1.7	10.133.19.67		
432	10.133.19.67	157.240.26.35		
433	10.133.19.67	157.240.26.35		
434	172.64.171.2	10.133.19.67		
435	10.133.19.67	172.64.171.2		
436	157.240.26.35	10.133.19.67		
437	157.240.26.35	10.133.19.67		
438	157.240.26.35	10.133.19.67		
439	10.133.19.67	172.64.171.2		
440	157.240.26.35	10.133.19.67		
441				
442	10.133.19.67	157.240.26.35		
443	10.133.19.67	157.240.26.35		
444	10.133.19.67	157.240.26.35		
445	157.240.26.35	10.133.19.67		
446	157.240.26.35	10.133.19.67		
447	157.240.26.35	10.133.19.67		
448	157.240.26.35	10.133.19.67		
449	157.240.26.35	10.133.19.67		
450	10.133.19.67	157.240.26.35		
451	172.64.171.2	10.133.19.67		
452	172.64.171.2	10.133.19.67		
453	172.64.171.2	10.133.19.67		
454	172.64.171.2	10.133.19.67		
455	10.133.19.67	172.64.171.2		
456	10.133.19.67	172.64.171.2		
457	157.240.26.35	10.133.19.67		
458	157.240.26.35	10.133.19.67		
459	10.133.19.67	157.240.26.35		
460	10.133.19.67	157.240.26.35		
461	172.64.171.2	10.133.19.67		
462	172.64.171.2	10.133.19.67		
463	157.240.26.35	10.133.19.67		
464	10.133.19.67	172.64.171.2		
465				
466				
467	198.252.206.25	10.133.19.67		
468	10.133.19.67	198.252.206.25		
469	10.133.19.67	198.252.206.25		
470	10.133.19.67	198.252.206.25		
471	10.133.19.67	198.252.206.25		
472	10.133.19.67	151.101.150.248		
473	10.133.19.67	151.101.150.248		
474	10.133.19.67	137.22.1.6		
475	10.133.19.67	137.22.1.6		
476	10.133.19.67	198.252.206.25		
477	10.133.19.67	198.252.206.25		
478	10.133.19.67	198.252.206.25		
479	10.133.19.67	198.252.206.25		
480	151.101.150.248	10.133.19.67		
481	151.101.150.248	10.133.19.67		
482	10.133.19.67	151.101.150.248		
483	151.101.150.248	10.133.19.67		
484	10.133.19.67	151.101.150.248		
485	137.22.1.6	10.133.19.67		
486	137.22.1.6	10.133.19.67		
487	10.133.19.67	35.184.35.160		
488	10.133.19.67	35.184.35.160		
489	151.101.150.248	10.133.19.67		
490	151.101.150.248	10.133.19.67		
491	10.133.19.67	151.101.150.248		
492	151.101.150.248	10.133.19.67		
493	10.133.19.67	151.101.150.248		
494	198.252.206.25	10.133.19.67		
495	198.252.206.25	10.133.19.67		
496	198.252.206.25	10.133.19.67		
497	35.184.35.160	10.133.19.67		
498	35.184.35.160	10.133.19.67		
499	10.133.19.67	35.184.35.160		
500	10.133.19.67	35.184.35.160		
501	10.133.19.67	35.184.35.160		
502	10.133.19.67	35.184.35.160		
503	198.252.206.25	10.133.19.67		
504	198.252.206.25	10.133.19.67		
505	198.252.206.25	10.133.19.67		
506	198.252.206.25	10.133.19.67		
507	35.184.35.160	10.133.19.67		
508	35.184.35.160	10.133.19.67		
509	35.184.35.160	10.133.19.67		
510	35.184.35.160	10.133.19.67		
511	10.133.19.67	35.184.35.160		
512	10.133.19.67	35.184.35.160		
513	10.133.19.67	35.184.35.160		
514	10.133.19.67	35.184.35.160		
515	10.133.19.67	35.184.35.160		
516	10.133.19.67	35.184.35.160		
517	35.184.35.160	10.133.19.67		
518	35.184.35.160	10.133.19.67		
519	35.184.35.160	10.133.19.67		
520	35.184.35.160	10.133.19.67		
521	35.184.35.160	10.133.19.67		
522	10.133.19.67	35.184.35.160		
523	35.184.35.160	10.133.19.67		
524	10.133.19.67	35.184.35.160		
525	35.184.35.160	10.133.19.67		
526	35.184.35.160	10.133.19.67		
527	35.184.35.160	10.133.19.67		
528	10.133.19.67	35.184.35.160		
529	35.184.35.160	10.133.19.67		
530	10.133.19.67	35.184.35.160		
531	10.133.19.67	35.184.35.160		
532	35.184.35.160	10.133.19.67		
533	10.133.19.67	35.184.35.160		
534	10.133.19.67	35.184.35.160		
535				
536	35.184.35.160	10.133.19.67		
537	35.184.35.160	10.133.19.67		
538	10.133.19.67	35.184.35.160		
539				
540				
541	10.133.19.67	142.250.190.14		
542	10.133.19.67	142.250.190.14		
543	10.133.19.67	142.250.191.100		
544	10.133.19.67	142.250.191.100		
545	10.133.19.67	142.250.191.100		
546	10.133.19.67	142.250.191.100		
547	142.250.190.14	10.133.19.67		
548	142.250.190.14	10.133.19.67		
549	10.133.19.67	142.250.190.14		
550	142.250.191.100	10.133.19.67		
551	142.250.191.100	10.133.19.67		
552	142.250.191.100	10.133.19.67		
553	10.133.19.67	142.250.191.100		
554	10.133.19.67	142.250.191.100		
555	142.250.191.100	10.133.19.67		
556	142.250.190.14	10.133.19.67		
557	10.133.19.67	142.250.190.14		
558	142.250.190.14	10.133.19.67		
559				
560				
561	10.133.19.67	142.250.190.14		
562				
563				
564				
565	142.250.191.100	10.133.19.67		
566	142.250.191.100	10.133.19.67		
567	10.133.19.67	142.250.191.100		
568	142.250.190.14	10.133.19.67		
569	142.250.190.14	10.133.19.67		
570	10.133.19.67	142.250.190.14		
571	142.250.190.14	10.133.19.67		
572	10.133.19.67	142.250.190.14		
573	142.250.190.14	10.133.19.67		
574	142.250.190.14	10.133.19.67		
575	10.133.19.67	142.250.191.100		
576	10.133.19.67	142.250.190.78		
577	10.133.19.67	142.250.190.78		
578	10.133.19.67	142.250.190.14		
579	10.133.19.67	142.250.190.14		
580	10.133.19.67	142.250.190.14		
581	10.133.19.67	142.250.190.14		
582	10.133.19.67	142.250.190.14		
583	10.133.19.67	142.250.190.14		
584	10.133.19.67	142.250.190.14		
585	142.250.190.14	10.133.19.67		
586	142.250.190.14	10.133.19.67		
587	142.250.190.78	10.133.19.67		
588	142.250.190.78	10.133.19.67		
589	10.133.19.67	142.250.190.78		
590	10.133.19.67	142.250.190.78		
591	10.133.19.67	142.250.190.78		
592	10.133.19.67	142.250.190.78		
593	10.133.19.67	142.250.190.78		
594	10.133.19.67	142.250.190.78		
595	10.133.19.67	142.250.190.78		
596	10.133.19.67	142.250.190.78		
597	10.133.19.67	142.250.190.14		
598				
599				
600				
601				
602				
603				
604	10.133.19.67	142.250.190.78		
605	142.250.190.78	10.133.19.67		
606	142.250.190.78	10.133.19.67		
607	142.250.190.78	10.133.19.67		
608	10.133.19.67	142.250.190.78		
609	142.250.190.78	10.133.19.67		
610	142.250.190.78	10.133.19.67		
611	142.250.191.100	10.133.19.67		
612	142.250.191.100	10.133.19.67		
613	142.250.191.100	10.133.19.67		
614	10.133.19.67	142.250.191.100		
615	142.250.190.78	10.133.19.67		
616	142.250.190.78	10.133.19.67		
617	142.250.190.78	10.133.19.67		
618	10.133.19.67	142.250.190.78		
619	142.250.190.78	10.133.19.67		
620	10.133.19.67	142.250.190.78		
621	142.250.190.78	10.133.19.67		
622	142.250.191.100	10.133.19.67		
623	142.250.190.78	10.133.19.67		
624	10.133.19.67	142.250.191.100		
625	142.250.190.14	10.133.19.67		
626	10.133.19.67	142.250.190.14		
627	10.133.19.67	142.250.190.78		
628	142.250.190.14	10.133.19.67		
629	10.133.19.67	142.250.190.14		
630	142.250.190.78	10.133.19.67		
631	10.133.19.67	142.250.190.78		
632	142.250.190.14	10.133.19.67		
633				
634				
635				
636				
637				
638				
639				
640				
641				
642				
643	34.96.78.2	10.133.19.67		
644	10.133.19.67	34.96.78.2		
645	10.133.19.67	34.96.78.2		
646	34.96.78.2	10.133.19.67		
647				
648				
649				
650				
651				
652				
653	10.133.19.67	142.251.166.188		
654	142.251.166.188	10.133.19.67		
655				
656				
657				
658				
659				
660				
661				
662				
663				
664				
665	10.133.19.67	142.251.166.188		
666	142.251.166.188	10.133.19.67		
667				
668	172.217.4.202	10.133.19.67		
669	10.133.19.67	172.217.4.202		
670				
671				
672				
673				
674				
675				
676				
677				
678				
679				
680				
681				
682				
683				
684	172.217.4.202	10.133.19.67		
685	10.133.19.67	172.217.4.202		
686				
687				
688				
689				
690				
691				
692				
693				
694				
695				
696				
697				
698				
699				
700				
701				
702				
703				
704				
705				
706				
707				
708				
709				
710				
711				
712				
713				
714				
715				
716				
717				
718				
719	10.133.19.67	142.250.190.14		
720	10.133.19.67	142.250.190.14		
721	142.250.190.14	10.133.19.67		
722	142.250.190.14	10.133.19.67		
723	142.250.190.14	10.133.19.67		
724	10.133.19.67	142.250.190.14		
725	142.250.190.14	10.133.19.67		
726	142.250.190.14	10.133.19.67		
727	10.133.19.67	142.250.190.14		
728	142.250.190.14	10.133.19.67		
729	142.250.190.14	10.133.19.67		
730	142.250.190.14	10.133.19.67		
731	142.250.190.14	10.133.19.67		
732	10.133.19.67	142.250.190.14		
733	10.133.19.67	142.250.190.14		
734	142.250.190.14	10.133.19.67		
735				
736				
737	172.217.4.202	10.133.19.67		
738	10.133.19.67	172.217.4.202		
739	10.133.19.67	172.217.4.67		
740	10.133.19.67	172.217.4.67		
741	10.133.19.67	172.217.4.67		
742				
743				
744	172.217.4.67	10.133.19.67		
745	10.133.19.67	172.217.4.67		
746	172.217.4.67	10.133.19.67		
747	10.133.19.67	172.217.4.67		
748	172.217.4.67	10.133.19.67		
749	172.217.4.67	10.133.19.67		
750	172.217.4.67	10.133.19.67		
751	10.133.19.67	172.217.4.67		
752	172.217.4.67	10.133.19.67		
753	10.133.19.67	172.217.4.67		
754	172.217.4.67	10.133.19.67		
755	172.217.4.67	10.133.19.67		
756	10.133.19.67	172.217.4.67		
757	54.227.133.51	10.133.19.67		
758	10.133.19.67	54.227.133.51		
759	10.133.19.67	54.227.133.51		
760	172.217.4.67	10.133.19.67		
761	54.227.133.51	10.133.19.67		
762				
763				
764				
765				
766				
767				
768				
769				
770				
771				
772				
773				
774				
775	10.133.19.67	142.250.190.14		
776	142.250.190.14	10.133.19.67		
777	10.133.19.67	142.250.190.14		
778				
779	142.250.190.14	10.133.19.67		
780	142.250.190.14	10.133.19.67		
781	10.133.19.67	142.250.190.14		
782	10.133.19.67	142.250.190.14		
783	142.250.190.14	10.133.19.67		
784				
785				
786				
787				
788				
789				
790				
791				
792	10.133.19.67	34.205.205.196		
793	10.133.19.67	34.205.205.196		
794				
795	34.205.205.196	10.133.19.67		
796	34.205.205.196	10.133.19.67		
797	34.205.205.196	10.133.19.67		
798	34.205.205.196	10.133.19.67		
799	10.133.19.67	34.205.205.196		
800	34.205.205.196	10.133.19.67		
801	10.133.19.67	34.205.205.196		
802	10.133.19.67	34.205.205.196		
803				
804				
805	34.205.205.196	10.133.19.67		
806				
807				
808				
809				
810				
811				
812				
813				
